crash_date_time,person_type,street_no,street_direction,street_name,latitude,longitude,posted_speed_limit,driver_action,injury_classification,driver_vision,pedpedal_action,pedpedal_location,first_crash_type
2024-11-16T20:00:00.000,BICYCLE,2403,N,SACRAMENTO AVE,41.924878729,-87.702174555,23,OTHER,NONINCAPACITATING INJURY,UNKNOWN,WITH TRAFFIC,BIKE LANE,PEDALCYCLIST
2024-11-14T20:28:00.000,PEDESTRIAN,1535,W,DIVISION ST,41.903248153,-87.666533812,30,UNKNOWN,NONINCAPACITATING INJURY,UNKNOWN,UNKNOWN/NA,UNKNOWN/NA,PEDESTRIAN
2024-11-11T16:00:00.000,BICYCLE,1500,N,DAMEN AVE,41.908287163,-87.677551122,30,NONE,NONINCAPACITATING INJURY,NOT OBSCURED,WITH TRAFFIC,BIKE LANE,PEDALCYCLIST
2024-11-11T07:30:00.000,PEDESTRIAN,1000,N,DAMEN AVE,41.899594831,-87.677303736,30,NONE,"REPORTED, NOT EVIDENT",NOT OBSCURED,STANDING IN ROADWAY,IN ROADWAY,REAR END
2024-11-10T03:58:00.000,PEDESTRIAN,1238,N,ASHLAND AVE,41.904327688,-87.667668594,30,NONE,INCAPACITATING INJURY,UNKNOWN,UNKNOWN/NA,BIKE LANE,PEDESTRIAN
2024-11-08T20:10:00.000,BICYCLE,2807,W,ARMITAGE AVE,41.917377068,-87.697503669,30,NONE,"REPORTED, NOT EVIDENT",NOT OBSCURED,WITH TRAFFIC,BIKE LANE,PEDALCYCLIST
2024-11-08T18:40:00.000,PEDESTRIAN,1800,W,AUGUSTA BLVD,41.899741542,-87.672345735,30,NONE,NONINCAPACITATING INJURY,NOT OBSCURED,CROSSING - WITH SIGNAL,BIKEWAY,PEDESTRIAN
2024-11-07T14:00:00.000,BICYCLE,1200,N,DAMEN AVE,41.903235204,-87.677406088,30,UNKNOWN,NO INDICATION OF INJURY,UNKNOWN,TURNING LEFT,IN ROADWAY,PEDALCYCLIST
2024-11-07T07:50:00.000,BICYCLE,1602,W,AUGUSTA BLVD,41.899815048,-87.667540321,30,UNKNOWN,NONINCAPACITATING INJURY,UNKNOWN,TURNING RIGHT,BIKEWAY,PEDALCYCLIST
2024-11-05T13:30:00.000,PEDESTRIAN,2500,N,CALIFORNIA AVE,41.926679631,-87.697612342,30,NONE,"REPORTED, NOT EVIDENT",NOT OBSCURED,NO ACTION,IN CROSSWALK,PEDESTRIAN
2024-11-02T14:45:00.000,BICYCLE,1521,N,MILWAUKEE AVE,41.909235959,-87.675455541,30,UNKNOWN,NONINCAPACITATING INJURY,UNKNOWN,WITH TRAFFIC,BIKE LANE,PEDALCYCLIST
2024-11-01T08:30:00.000,BICYCLE,1558,N,GREENVIEW AVE,41.910563461,-87.665738412,30,NONE,INCAPACITATING INJURY,UNKNOWN,CROSSING - WITH SIGNAL,IN CROSSWALK,PEDALCYCLIST
2024-10-29T09:00:00.000,BICYCLE,2525,W,ARMITAGE AVE,41.917435191,-87.69090967,30,NONE,NO INDICATION OF INJURY,UNKNOWN,NO ACTION,IN ROADWAY,PEDALCYCLIST
2024-10-26T10:43:00.000,PEDESTRIAN,2423,N,RICHMOND ST,41.925552812,-87.701200599,20,NONE,NO INDICATION OF INJURY,NOT OBSCURED,STANDING IN ROADWAY,IN ROADWAY,PEDESTRIAN
2024-10-24T21:26:00.000,BICYCLE,1519,N,MILWAUKEE AVE,41.909199636,-87.675398761,30,UNKNOWN,NONINCAPACITATING INJURY,UNKNOWN,WITH TRAFFIC,BIKEWAY,PEDALCYCLIST
2024-10-24T19:30:00.000,BICYCLE,2744,N,CALIFORNIA AVE,41.931607951,-87.697755776,30,UNKNOWN,"REPORTED, NOT EVIDENT",UNKNOWN,WITH TRAFFIC,IN ROADWAY,PEDALCYCLIST
2024-10-19T16:08:00.000,PEDESTRIAN,1501,N,MILWAUKEE AVE,41.908777488,-87.674740139,30,UNKNOWN,NONINCAPACITATING INJURY,,STANDING IN ROADWAY,IN ROADWAY,PEDESTRIAN
2024-10-18T15:13:00.000,PEDESTRIAN,1647,W,CHICAGO AVE,41.89593214,-87.669196101,30,FAILED TO YIELD,INCAPACITATING INJURY,UNKNOWN,CROSSING - NO CONTROLS (NOT AT INTERSECTION),IN ROADWAY,PEDESTRIAN
2024-10-15T18:55:00.000,PEDESTRIAN,1198,N,DAMEN AVE,41.903164085,-87.677403965,30,,NONINCAPACITATING INJURY,,CROSSING - WITH SIGNAL,IN CROSSWALK,PEDESTRIAN
2024-10-15T10:02:00.000,PEDESTRIAN,2199,W,DIVISION ST,41.902998631,-87.682015137,30,UNKNOWN,NONINCAPACITATING INJURY,UNKNOWN,CROSSING - WITH SIGNAL,IN CROSSWALK,PEDESTRIAN
2024-10-10T20:22:00.000,PEDESTRIAN,1572,N,MILWAUKEE AVE,41.909985927,-87.677079652,30,NONE,NONINCAPACITATING INJURY,NOT OBSCURED,CROSSING - WITH SIGNAL,IN CROSSWALK,PEDESTRIAN
2024-10-10T08:12:00.000,BICYCLE,1514,N,MILWAUKEE AVE,41.908960247,-87.675476371,30,OTHER,NO INDICATION OF INJURY,NOT OBSCURED,WITH TRAFFIC,IN ROADWAY,PEDALCYCLIST
2024-10-09T21:10:00.000,PEDESTRIAN,2800,W,ARMITAGE AVE,41.917598837,-87.697253745,30,DISREGARDED CONTROL DEVICES,NONINCAPACITATING INJURY,UNKNOWN,CROSSING - AGAINST SIGNAL,IN ROADWAY,PEDESTRIAN
2024-10-03T06:55:00.000,BICYCLE,1211,N,DAMEN AVE,41.903588941,-87.677122416,30,NONE,INCAPACITATING INJURY,UNKNOWN,WITH TRAFFIC,BIKEWAY,PEDALCYCLIST
2024-09-30T20:46:00.000,BICYCLE,2402,N,WESTERN AVE,41.925004867,-87.687792803,30,UNKNOWN,"REPORTED, NOT EVIDENT",UNKNOWN,WITH TRAFFIC,IN ROADWAY,PEDALCYCLIST
2024-09-30T16:55:00.000,BICYCLE,2655,W,LOGAN BLVD,41.92837978,-87.694879843,30,UNKNOWN,"REPORTED, NOT EVIDENT",NOT OBSCURED,WITH TRAFFIC,BIKEWAY,PEDALCYCLIST
2024-09-27T12:18:00.000,BICYCLE,1935,N,CALIFORNIA AVE,41.916724257,-87.697029766,30,FAILED TO YIELD,NO INDICATION OF INJURY,UNKNOWN,UNKNOWN/NA,IN ROADWAY,PEDALCYCLIST
2024-09-25T18:30:00.000,BICYCLE,2530,W,NORTH AVE,41.910387932,-87.690964282,30,NONE,NONINCAPACITATING INJURY,UNKNOWN,WITH TRAFFIC,BIKEWAY,PEDALCYCLIST
2024-09-25T09:00:00.000,PEDESTRIAN,1759,W,DIVISION ST,41.903159664,-87.672232287,35,NONE,NONINCAPACITATING INJURY,UNKNOWN,CROSSING - WITH SIGNAL,IN ROADWAY,PEDESTRIAN
2024-09-23T21:15:00.000,BICYCLE,2455,N,MILWAUKEE AVE,41.925919339,-87.702035843,30,NONE,"REPORTED, NOT EVIDENT",NOT OBSCURED,UNKNOWN/NA,BIKEWAY,PEDALCYCLIST
2024-09-22T09:43:00.000,PEDESTRIAN,2600,W,LOGAN BLVD,41.92861793,-87.692719605,30,,NONINCAPACITATING INJURY,,CROSSING - WITH SIGNAL,IN CROSSWALK,PEDESTRIAN
2024-09-22T09:43:00.000,PEDESTRIAN,2600,W,LOGAN BLVD,41.92861793,-87.692719605,30,,NONINCAPACITATING INJURY,,CROSSING - WITH SIGNAL,IN CROSSWALK,PEDESTRIAN
2024-09-21T16:45:00.000,BICYCLE,2656,W,LOGAN BLVD,41.928598479,-87.69496242,30,NONE,NO INDICATION OF INJURY,UNKNOWN,WITH TRAFFIC,BIKEWAY,PEDALCYCLIST
2024-09-21T13:37:00.000,BICYCLE,1462,N,MILWAUKEE AVE,41.908378351,-87.674569208,30,OTHER,NO INDICATION OF INJURY,UNKNOWN,NO ACTION,IN ROADWAY,PEDALCYCLIST
2024-09-21T13:00:00.000,BICYCLE,1531,N,DAMEN AVE,41.909192059,-87.677282907,30,NONE,NO INDICATION OF INJURY,NOT OBSCURED,WITH TRAFFIC,BIKEWAY,PEDALCYCLIST
2024-09-19T16:43:00.000,BICYCLE,1414,N,DAMEN AVE,41.907634165,-87.677534573,30,NONE,INCAPACITATING INJURY,UNKNOWN,TURNING LEFT,UNKNOWN/NA,PEDALCYCLIST
2024-09-19T06:00:00.000,PEDESTRIAN,1601,W,NORTH AVE,41.910519635,-87.667749686,30,NONE,INCAPACITATING INJURY,UNKNOWN,NOT AT INTERSECTION,NOT IN ROADWAY,PEDESTRIAN
2024-09-17T15:44:00.000,BICYCLE,2088,N,MILWAUKEE AVE,41.919150892,-87.691438486,30,NONE,NONINCAPACITATING INJURY,NOT OBSCURED,TURNING LEFT,IN ROADWAY,PEDALCYCLIST
2024-09-12T14:10:00.000,BICYCLE,2299,N,CALIFORNIA AVE,41.92288545,-87.697213743,30,NONE,NO INDICATION OF INJURY,NOT OBSCURED,CROSSING - WITH SIGNAL,BIKE LANE,PEDALCYCLIST
2024-09-12T07:30:00.000,PEDESTRIAN,1600,W,WALTON ST,41.898680931,-87.66742557,20,NONE,NONINCAPACITATING INJURY,,UNKNOWN/NA,IN CROSSWALK,PEDESTRIAN
2024-09-11T12:15:00.000,BICYCLE,3033,W,LOGAN BLVD,41.928301719,-87.703787791,30,NONE,NO INDICATION OF INJURY,NOT OBSCURED,WITH TRAFFIC,IN ROADWAY,PEDALCYCLIST
2024-09-10T07:50:00.000,BICYCLE,958,N,ASHLAND AVE,41.899605608,-87.667536571,30,NONE,NONINCAPACITATING INJURY,NOT OBSCURED,CROSSING - CONTROLS PRESENT (NOT AT INTERSECTION),IN ROADWAY,PEDALCYCLIST
2024-09-06T16:09:00.000,BICYCLE,1417,N,ASHLAND AVE,41.907577243,-87.66745783,30,UNKNOWN,NONINCAPACITATING INJURY,UNKNOWN,WITH TRAFFIC,IN ROADWAY,PEDALCYCLIST
2024-09-05T15:04:00.000,PEDESTRIAN,2513,N,ARTESIAN AVE,41.927173147,-87.688799885,15,NONE,NONINCAPACITATING INJURY,UNKNOWN,CROSSING - NO CONTROLS (NOT AT INTERSECTION),IN ROADWAY,PEDESTRIAN
2024-09-04T20:11:00.000,BICYCLE,2101,N,MILWAUKEE AVE,41.919521614,-87.691587162,30,NONE,NONINCAPACITATING INJURY,NOT OBSCURED,CROSSING - NO CONTROLS (NOT AT INTERSECTION),BIKE LANE,PEDALCYCLIST
2024-09-04T08:30:00.000,PEDESTRIAN,1230,N,HOYNE AVE,41.90411928,-87.679874531,30,NONE,NONINCAPACITATING INJURY,NOT OBSCURED,CROSSING - NO CONTROLS (NOT AT INTERSECTION),IN ROADWAY,PEDESTRIAN
2024-09-04T08:30:00.000,PEDESTRIAN,1230,N,HOYNE AVE,41.90411928,-87.679874531,30,NONE,NONINCAPACITATING INJURY,NOT OBSCURED,CROSSING - NO CONTROLS (NOT AT INTERSECTION),IN ROADWAY,PEDESTRIAN
2024-08-30T14:35:00.000,BICYCLE,1031,N,DAMEN AVE,41.900512527,-87.677035862,30,IMPROPER PASSING,NO INDICATION OF INJURY,UNKNOWN,UNKNOWN/NA,IN ROADWAY,PEDALCYCLIST
2024-08-30T14:27:00.000,BICYCLE,1227,N,DAMEN AVE,41.904077176,-87.677135876,30,UNKNOWN,INCAPACITATING INJURY,UNKNOWN,UNKNOWN/NA,BIKEWAY,PEDALCYCLIST
2024-08-27T17:00:00.000,BICYCLE,1001,N,MARSHFIELD AVE,41.899757407,-87.668457816,30,FAILED TO YIELD,NONINCAPACITATING INJURY,UNKNOWN,NOT AT INTERSECTION,BIKEWAY,PEDALCYCLIST
2024-08-26T19:00:00.000,BICYCLE,1316,N,ASHLAND AVE,41.905575466,-87.667701149,30,FAILED TO YIELD,NO INDICATION OF INJURY,UNKNOWN,UNKNOWN/NA,IN ROADWAY,PEDALCYCLIST
2024-08-26T12:20:00.000,BICYCLE,1046,N,NOBLE ST,41.900769958,-87.662675878,20,DISREGARDED CONTROL DEVICES,NO INDICATION OF INJURY,NOT OBSCURED,AGAINST TRAFFIC,IN ROADWAY,PEDALCYCLIST
2024-08-22T17:12:00.000,BICYCLE,1525,N,MILWAUKEE AVE,41.909308606,-87.675569101,30,UNKNOWN,NONINCAPACITATING INJURY,UNKNOWN,WITH TRAFFIC,BIKEWAY,PEDALCYCLIST
2024-08-21T13:40:00.000,BICYCLE,1200,N,MILWAUKEE AVE,41.903307804,-87.666632088,25,NONE,INCAPACITATING INJURY,UNKNOWN,CROSSING - WITH SIGNAL,BIKEWAY,PEDALCYCLIST
2024-08-19T12:00:00.000,BICYCLE,1311,N,DAMEN AVE,41.905358031,-87.677174277,30,OTHER,NONINCAPACITATING INJURY,NOT OBSCURED,UNKNOWN/NA,BIKE LANE,PEDALCYCLIST
2024-08-18T13:25:00.000,PEDESTRIAN,801,N,ASHLAND AVE,41.896118421,-87.667145813,30,NONE,NONINCAPACITATING INJURY,UNKNOWN,CROSSING - WITH SIGNAL,IN CROSSWALK,PEDESTRIAN
2024-08-14T19:46:00.000,BICYCLE,2427,N,MILWAUKEE AVE,41.925388018,-87.70116974,30,NONE,NONINCAPACITATING INJURY,UNKNOWN,WITH TRAFFIC,BIKE LANE,PEDALCYCLIST
2024-08-13T17:55:00.000,BICYCLE,1372,N,MILWAUKEE AVE,41.906657377,-87.671871124,35,NONE,NONINCAPACITATING INJURY,NOT OBSCURED,WITH TRAFFIC,BIKE LANE,PEDALCYCLIST
2024-08-13T15:59:00.000,BICYCLE,1501,N,WOOD ST,41.909090128,-87.672386659,30,FOLLOWED TOO CLOSELY,NO INDICATION OF INJURY,NOT OBSCURED,NO ACTION,IN ROADWAY,PEDALCYCLIST
2024-08-11T19:25:00.000,PEDESTRIAN,907,N,PAULINA ST,41.898770269,-87.66966849,15,NONE,INCAPACITATING INJURY,UNKNOWN,OTHER ACTION,UNKNOWN/NA,PEDESTRIAN
2024-08-08T20:19:00.000,BICYCLE,2400,N,ARTESIAN AVE,41.924977454,-87.689016031,30,OTHER,"REPORTED, NOT EVIDENT",NOT OBSCURED,OTHER ACTION,IN CROSSWALK,PEDALCYCLIST
2024-08-07T21:01:00.000,BICYCLE,2140,N,ROCKWELL ST,41.920831934,-87.692880619,30,NONE,"REPORTED, NOT EVIDENT",NOT OBSCURED,NO ACTION,BIKEWAY,PEDALCYCLIST
2024-08-07T20:00:00.000,BICYCLE,2401,W,WABANSIA AVE,41.912021985,-87.687327653,30,OTHER,NONINCAPACITATING INJURY,NOT OBSCURED,AGAINST TRAFFIC,IN ROADWAY,PEDALCYCLIST
2024-08-07T16:45:00.000,BICYCLE,2352,N,MILWAUKEE AVE,41.923873095,-87.699162854,35,NONE,NONINCAPACITATING INJURY,UNKNOWN,CROSSING - NO CONTROLS (AT INTERSECTION),BIKE LANE,PEDALCYCLIST
2024-08-07T07:10:00.000,BICYCLE,1598,N,CLAREMONT AVE,41.910243466,-87.686140581,30,UNKNOWN,"REPORTED, NOT EVIDENT",UNKNOWN,WITH TRAFFIC,IN ROADWAY,PEDALCYCLIST
2024-08-05T16:45:00.000,BICYCLE,2436,N,MILWAUKEE AVE,41.925437644,-87.701714447,30,NONE,NONINCAPACITATING INJURY,NOT OBSCURED,WITH TRAFFIC,BIKE LANE,PEDALCYCLIST
2024-08-03T19:27:00.000,BICYCLE,1158,N,ASHLAND AVE,41.903298195,-87.667640814,30,FAILED TO YIELD,NO INDICATION OF INJURY,UNKNOWN,AGAINST TRAFFIC,IN CROSSWALK,PEDALCYCLIST
2024-08-02T17:45:00.000,PEDESTRIAN,1958,N,MILWAUKEE AVE,41.91693959,-87.687828323,30,UNKNOWN,NONINCAPACITATING INJURY,UNKNOWN,UNKNOWN/NA,IN ROADWAY,PEDESTRIAN
2024-08-01T23:35:00.000,PEDESTRIAN,1201,N,ASHLAND AVE,41.903382282,-87.667349348,30,OTHER,"REPORTED, NOT EVIDENT",UNKNOWN,NO ACTION,IN CROSSWALK,PEDESTRIAN
2024-08-01T19:02:00.000,BICYCLE,2502,N,CALIFORNIA AVE,41.926733649,-87.697613842,30,NONE,"REPORTED, NOT EVIDENT",NOT OBSCURED,WITH TRAFFIC,IN ROADWAY,PEDALCYCLIST
2024-08-01T17:22:00.000,BICYCLE,1952,N,MILWAUKEE AVE,41.916831901,-87.687657847,30,NONE,NONINCAPACITATING INJURY,NOT OBSCURED,CROSSING - WITH SIGNAL,BIKEWAY,PEDALCYCLIST
2024-08-01T14:00:00.000,BICYCLE,1520,N,DAMEN AVE,41.9089214,-87.677567796,30,IMPROPER PASSING,NO INDICATION OF INJURY,UNKNOWN,WITH TRAFFIC,IN ROADWAY,PEDALCYCLIST
2024-08-01T13:00:00.000,BICYCLE,1209,N,WOLCOTT AVE,41.903519652,-87.674688626,30,OTHER,NO INDICATION OF INJURY,NOT OBSCURED,OTHER ACTION,IN CROSSWALK,PEDALCYCLIST
2024-07-28T19:50:00.000,BICYCLE,2800,W,ARMITAGE AVE,41.917598837,-87.697253745,35,UNKNOWN,NONINCAPACITATING INJURY,UNKNOWN,UNKNOWN/NA,IN ROADWAY,PEDALCYCLIST
2024-07-28T11:40:00.000,PEDESTRIAN,2233,W,DIVISION ST,41.902971912,-87.683484931,20,UNKNOWN,NONINCAPACITATING INJURY,UNKNOWN,UNKNOWN/NA,UNKNOWN/NA,PEDESTRIAN
2024-07-19T17:59:00.000,BICYCLE,1121,N,WOOD ST,41.902098624,-87.672205042,30,FAILED TO YIELD,"REPORTED, NOT EVIDENT",NOT OBSCURED,TURNING LEFT,IN ROADWAY,PEDALCYCLIST
2024-07-18T23:15:00.000,PEDESTRIAN,1341,N,WESTERN AVE,41.906067831,-87.686961298,30,NONE,NONINCAPACITATING INJURY,UNKNOWN,UNKNOWN/NA,IN ROADWAY,PEDESTRIAN
2024-07-16T22:00:00.000,PEDESTRIAN,1927,N,CALIFORNIA AVE,41.916498595,-87.697023034,30,NONE,NONINCAPACITATING INJURY,NOT OBSCURED,PARKED VEHICLE,BIKEWAY,PEDESTRIAN
2024-07-13T14:52:00.000,BICYCLE,2499,W,ARMITAGE AVE,41.917444659,-87.689791778,30,NONE,NONINCAPACITATING INJURY,NOT OBSCURED,NO ACTION,BIKEWAY,PEDALCYCLIST
2024-07-13T01:00:00.000,PEDESTRIAN,2435,W,ARMITAGE AVE,41.917453064,-87.688746059,30,,NONINCAPACITATING INJURY,,CROSSING - NO CONTROLS (AT INTERSECTION),IN CROSSWALK,PEDESTRIAN
2024-07-11T19:40:00.000,PEDESTRIAN,2172,N,CALIFORNIA AVE,41.921661739,-87.697466631,35,NONE,"REPORTED, NOT EVIDENT",NOT OBSCURED,CROSSING - CONTROLS PRESENT (NOT AT INTERSECTION),IN CROSSWALK,PEDESTRIAN
2024-07-08T22:34:00.000,PEDESTRIAN,1601,W,DIVISION ST,41.903235815,-87.667554068,30,NONE,NONINCAPACITATING INJURY,UNKNOWN,CROSSING - WITH SIGNAL,IN CROSSWALK,PEDESTRIAN
2024-07-02T23:30:00.000,BICYCLE,2425,W,ARMITAGE AVE,41.917453305,-87.688536453,30,UNKNOWN,NO INDICATION OF INJURY,UNKNOWN,CROSSING - WITH SIGNAL,BIKE LANE,PEDALCYCLIST
2024-07-01T18:00:00.000,BICYCLE,2354,N,MILWAUKEE AVE,41.92391202,-87.699225552,30,OTHER,NONINCAPACITATING INJURY,NOT OBSCURED,CROSSING - NO CONTROLS (NOT AT INTERSECTION),SHOULDER,PEDALCYCLIST
2024-06-29T09:30:00.000,BICYCLE,3110,W,ARMITAGE AVE,41.917518483,-87.705767776,30,OTHER,NO INDICATION OF INJURY,NOT OBSCURED,CROSSING - AGAINST SIGNAL,IN ROADWAY,PEDALCYCLIST
2024-06-27T22:50:00.000,BICYCLE,2400,N,MILWAUKEE AVE,41.924727462,-87.700552669,30,NONE,NO INDICATION OF INJURY,NOT OBSCURED,CROSSING - WITH SIGNAL,BIKE LANE,PEDALCYCLIST
2024-06-27T14:42:00.000,BICYCLE,1521,N,DAMEN AVE,41.908926932,-87.677273998,30,UNKNOWN,INCAPACITATING INJURY,UNKNOWN,CROSSING - NO CONTROLS (AT INTERSECTION),BIKEWAY,PEDALCYCLIST
2024-06-26T18:03:00.000,PEDESTRIAN,1400,N,WESTERN AVE,41.906755689,-87.687272702,30,NONE,INCAPACITATING INJURY,UNKNOWN,CROSSING - WITH SIGNAL,IN CROSSWALK,PEDESTRIAN
2024-06-26T17:30:00.000,BICYCLE,2916,W,ARMITAGE AVE,41.917571121,-87.699961683,30,NONE,NONINCAPACITATING INJURY,UNKNOWN,WITH TRAFFIC,IN ROADWAY,PEDALCYCLIST
2024-06-26T10:21:00.000,BICYCLE,1389,N,MILWAUKEE AVE,41.907140622,-87.67217504,30,,NONINCAPACITATING INJURY,NOT OBSCURED,NO ACTION,BIKE LANE,PEDALCYCLIST
2024-06-25T15:12:00.000,BICYCLE,1534,N,MILWAUKEE AVE,41.909313927,-87.676029226,30,UNKNOWN,NO INDICATION OF INJURY,UNKNOWN,CROSSING - WITH SIGNAL,BIKE LANE,PEDALCYCLIST
2024-06-25T07:09:00.000,BICYCLE,1950,N,MILWAUKEE AVE,41.91679583,-87.687600865,30,NONE,"REPORTED, NOT EVIDENT",NOT OBSCURED,CROSSING - WITH SIGNAL,BIKE LANE,PEDALCYCLIST
2024-06-22T14:39:00.000,PEDESTRIAN,658,N,ASHLAND AVE,41.89420881,-87.667382228,30,NONE,NONINCAPACITATING INJURY,UNKNOWN,CROSSING - NO CONTROLS (AT INTERSECTION),IN CROSSWALK,PEDESTRIAN
2024-06-20T09:05:00.000,BICYCLE,1403,N,DAMEN AVE,41.907262631,-87.677230437,30,NONE,NONINCAPACITATING INJURY,NOT OBSCURED,NO ACTION,BIKE LANE,PEDALCYCLIST
2024-06-18T19:03:00.000,BICYCLE,2333,N,MILWAUKEE AVE,41.923695255,-87.698408551,30,NONE,NO INDICATION OF INJURY,NOT OBSCURED,WITH TRAFFIC,BIKE LANE,PEDALCYCLIST
2024-06-18T18:09:00.000,PEDESTRIAN,2327,W,LE MOYNE ST,41.908398701,-87.685888581,25,NONE,NONINCAPACITATING INJURY,UNKNOWN,CROSSING - WITH SIGNAL,IN CROSSWALK,PEDESTRIAN
2024-06-18T18:09:00.000,PEDESTRIAN,2327,W,LE MOYNE ST,41.908398701,-87.685888581,25,NONE,NO INDICATION OF INJURY,UNKNOWN,CROSSING - WITH SIGNAL,IN CROSSWALK,PEDESTRIAN
2024-06-18T17:45:00.000,BICYCLE,3050,W,ARMITAGE AVE,41.917532399,-87.704468755,30,NONE,NONINCAPACITATING INJURY,NOT OBSCURED,WITH TRAFFIC,BIKE LANE,PEDALCYCLIST
2024-06-15T18:55:00.000,BICYCLE,2043,N,MILWAUKEE AVE,41.918447569,-87.689825749,20,NONE,"REPORTED, NOT EVIDENT",NOT OBSCURED,WITH TRAFFIC,BIKE LANE,PEDALCYCLIST
2024-06-15T10:38:00.000,BICYCLE,1520,N,DAMEN AVE,41.9089214,-87.677567796,30,NONE,NONINCAPACITATING INJURY,NOT OBSCURED,CROSSING - NO CONTROLS (AT INTERSECTION),BIKE LANE,PEDALCYCLIST
2024-06-11T08:13:00.000,PEDESTRIAN,1714,W,DIVISION ST,41.903401444,-87.670825272,15,NONE,"REPORTED, NOT EVIDENT",NOT OBSCURED,OTHER ACTION,IN ROADWAY,PEDESTRIAN
2024-06-09T17:34:00.000,BICYCLE,1366,N,MILWAUKEE AVE,41.906543249,-87.67169263,30,NONE,NONINCAPACITATING INJURY,NOT OBSCURED,WITH TRAFFIC,BIKE LANE,PEDALCYCLIST
2024-06-09T11:40:00.000,PEDESTRIAN,1545,N,WESTERN AVE,41.909834229,-87.687060131,30,UNKNOWN,NONINCAPACITATING INJURY,UNKNOWN,CROSSING - NO CONTROLS (NOT AT INTERSECTION),NOT IN ROADWAY,PEDESTRIAN
2024-06-06T14:35:00.000,BICYCLE,2000,N,CALIFORNIA AVE,41.917519538,-87.697348539,30,FAILED TO YIELD,NONINCAPACITATING INJURY,NOT OBSCURED,CROSSING - AGAINST SIGNAL,IN ROADWAY,PEDALCYCLIST
2024-06-05T19:18:00.000,PEDESTRIAN,1998,N,WESTERN AVE,41.917527585,-87.687555983,30,OTHER,NONINCAPACITATING INJURY,NOT OBSCURED,CROSSING - WITH SIGNAL,IN CROSSWALK,PEDESTRIAN
2024-06-05T19:00:00.000,BICYCLE,1566,N,MILWAUKEE AVE,41.909879819,-87.676913798,30,NONE,"REPORTED, NOT EVIDENT",NOT OBSCURED,WITH TRAFFIC,BIKEWAY,PEDALCYCLIST
2024-06-05T18:14:00.000,BICYCLE,1566,N,MILWAUKEE AVE,41.909879819,-87.676913798,30,NONE,NO INDICATION OF INJURY,NOT OBSCURED,WITH TRAFFIC,BIKE LANE,PEDALCYCLIST
2024-06-03T15:30:00.000,BICYCLE,1630,W,CHICAGO AVE,41.896164107,-87.66845702,30,NONE,NONINCAPACITATING INJURY,NOT OBSCURED,WITH TRAFFIC,BIKE LANE,PEDALCYCLIST
2024-06-02T15:00:00.000,BICYCLE,1141,N,DAMEN AVE,41.902612982,-87.677093726,25,UNKNOWN,INCAPACITATING INJURY,UNKNOWN,WITH TRAFFIC,BIKE LANE,PEDALCYCLIST
2024-05-30T16:12:00.000,BICYCLE,1317,N,MILWAUKEE AVE,41.905705628,-87.66992733,35,NONE,INCAPACITATING INJURY,NOT OBSCURED,NO ACTION,BIKE LANE,PEDALCYCLIST
2024-05-30T07:40:00.000,BICYCLE,1532,N,ASHLAND AVE,41.909825497,-87.66781635,30,UNKNOWN,NONINCAPACITATING INJURY,NOT OBSCURED,UNKNOWN/NA,IN ROADWAY,PEDALCYCLIST
2024-05-26T18:15:00.000,BICYCLE,906,N,ASHLAND AVE,41.898104456,-87.667494871,30,NONE,NO INDICATION OF INJURY,UNKNOWN,UNKNOWN/NA,SHOULDER,PEDALCYCLIST
2024-05-25T17:35:00.000,PEDESTRIAN,1283,N,MILWAUKEE AVE,41.905137782,-87.66902777,30,UNKNOWN,NO INDICATION OF INJURY,NOT OBSCURED,NOT AT INTERSECTION,IN CROSSWALK,PEDESTRIAN
2024-05-24T14:00:00.000,BICYCLE,1199,N,MARSHFIELD AVE,41.903275019,-87.668572638,30,UNKNOWN,NO INDICATION OF INJURY,NOT OBSCURED,CROSSING - NO CONTROLS (NOT AT INTERSECTION),IN ROADWAY,PEDALCYCLIST
2024-05-23T23:20:00.000,BICYCLE,2489,N,MILWAUKEE AVE,41.926635027,-87.703199253,30,UNKNOWN,NONINCAPACITATING INJURY,UNKNOWN,WITH TRAFFIC,IN ROADWAY,PEDALCYCLIST
2024-05-23T20:30:00.000,BICYCLE,2375,N,MILWAUKEE AVE,41.924482563,-87.699692866,30,OTHER,"REPORTED, NOT EVIDENT",NOT OBSCURED,WITH TRAFFIC,BIKE LANE,PEDALCYCLIST
2024-05-23T19:45:00.000,BICYCLE,1180,N,MILWAUKEE AVE,41.903161615,-87.666403093,30,NONE,"REPORTED, NOT EVIDENT",NOT OBSCURED,CROSSING - WITH SIGNAL,BIKE LANE,PEDALCYCLIST
2024-05-23T16:51:00.000,PEDESTRIAN,3001,W,PALMER BLVD,41.920594499,-87.702206034,30,OTHER,INCAPACITATING INJURY,UNKNOWN,CROSSING - CONTROLS PRESENT (NOT AT INTERSECTION),IN ROADWAY,PEDESTRIAN
2024-05-23T14:10:00.000,BICYCLE,2952,W,ARMITAGE AVE,41.91755896,-87.701385386,30,NONE,NONINCAPACITATING INJURY,NOT OBSCURED,OTHER ACTION,IN ROADWAY,PEDALCYCLIST
2024-05-20T14:43:00.000,PEDESTRIAN,1624,W,DIVISION ST,41.903440798,-87.668505467,30,UNKNOWN,NO INDICATION OF INJURY,UNKNOWN,UNKNOWN/NA,IN ROADWAY,PEDESTRIAN
2024-05-18T00:20:00.000,PEDESTRIAN,2393,N,MILWAUKEE AVE,41.924816741,-87.700234498,20,NONE,NO INDICATION OF INJURY,NOT OBSCURED,OTHER ACTION,IN ROADWAY,PEDESTRIAN
2024-05-14T15:55:00.000,BICYCLE,2445,N,MILWAUKEE AVE,41.925739881,-87.701744015,30,NONE,NONINCAPACITATING INJURY,UNKNOWN,CROSSING - NO CONTROLS (AT INTERSECTION),IN ROADWAY,PEDALCYCLIST
2024-05-11T00:47:00.000,PEDESTRIAN,2206,N,CALIFORNIA AVE,41.92190356,-87.697473803,15,NONE,NONINCAPACITATING INJURY,NOT OBSCURED,CROSSING - NO CONTROLS (NOT AT INTERSECTION),IN ROADWAY,PEDESTRIAN
2024-05-08T17:00:00.000,BICYCLE,1513,N,MILWAUKEE AVE,41.909037654,-87.675145922,30,NONE,NO INDICATION OF INJURY,NOT OBSCURED,CROSSING - NO CONTROLS (NOT AT INTERSECTION),BIKE LANE,PEDALCYCLIST
2024-05-08T08:35:00.000,PEDESTRIAN,2392,N,MILWAUKEE AVE,41.924646801,-87.700420596,30,UNKNOWN,"REPORTED, NOT EVIDENT",UNKNOWN,OTHER ACTION,UNKNOWN/NA,PEDESTRIAN
2024-05-06T18:12:00.000,PEDESTRIAN,1631,W,CHICAGO AVE,41.895942562,-87.66857215,30,NONE,NONINCAPACITATING INJURY,NOT OBSCURED,PARKED VEHICLE,IN ROADWAY,PEDESTRIAN
2024-05-06T18:12:00.000,PEDESTRIAN,1631,W,CHICAGO AVE,41.895942562,-87.66857215,30,NONE,INCAPACITATING INJURY,OTHER,PARKED VEHICLE,IN ROADWAY,PEDESTRIAN
2024-05-04T15:30:00.000,BICYCLE,1553,N,ASHLAND AVE,41.910406568,-87.667539078,25,DISREGARDED CONTROL DEVICES,NO INDICATION OF INJURY,UNKNOWN,TURNING LEFT,IN ROADWAY,PEDALCYCLIST
2024-05-02T18:25:00.000,BICYCLE,1099,N,WESTERN AVE,41.901157718,-87.68683128,30,FAILED TO YIELD,NO INDICATION OF INJURY,UNKNOWN,CROSSING - NO CONTROLS (AT INTERSECTION),IN ROADWAY,PEDALCYCLIST
2024-04-30T20:35:00.000,PEDESTRIAN,1958,N,WESTERN AVE,41.917527585,-87.687555983,35,NONE,NONINCAPACITATING INJURY,NOT OBSCURED,TURNING LEFT,IN ROADWAY,PEDESTRIAN
2024-04-24T18:58:00.000,BICYCLE,2257,N,MILWAUKEE AVE,41.922113666,-87.695840376,30,NONE,NONINCAPACITATING INJURY,NOT OBSCURED,TURNING LEFT,IN ROADWAY,PEDALCYCLIST
2024-04-21T16:17:00.000,BICYCLE,2010,W,PIERCE AVE,41.909472799,-87.677939457,30,OTHER,NONINCAPACITATING INJURY,NOT OBSCURED,WITH TRAFFIC,IN ROADWAY,PEDALCYCLIST
2024-04-19T11:28:00.000,PEDESTRIAN,1560,N,DAMEN AVE,41.909995199,-87.677599087,30,,INCAPACITATING INJURY,,UNKNOWN/NA,IN ROADWAY,PEDESTRIAN
2024-04-17T06:03:00.000,PEDESTRIAN,2000,N,CALIFORNIA AVE,41.917519538,-87.697348539,30,UNKNOWN,NONINCAPACITATING INJURY,UNKNOWN,CROSSING - WITH SIGNAL,IN CROSSWALK,PEDESTRIAN
2024-04-12T23:55:00.000,BICYCLE,1585,N,MILWAUKEE AVE,41.910402904,-87.677262361,20,NONE,NO INDICATION OF INJURY,UNKNOWN,WITH TRAFFIC,BIKE LANE,PEDALCYCLIST
2024-04-12T21:48:00.000,BICYCLE,2299,N,CALIFORNIA AVE,41.92288545,-87.697213743,30,DISREGARDED CONTROL DEVICES,NONINCAPACITATING INJURY,UNKNOWN,CROSSING - AGAINST SIGNAL,IN CROSSWALK,PEDALCYCLIST
2024-04-05T07:30:00.000,PEDESTRIAN,2551,N,CALIFORNIA AVE,41.92816674,-87.697361482,30,,NO INDICATION OF INJURY,UNKNOWN,CROSSING - AGAINST SIGNAL,UNKNOWN/NA,PEDESTRIAN
2024-04-01T16:10:00.000,BICYCLE,1904,N,WESTERN AVE,41.915930717,-87.687515578,30,NONE,NONINCAPACITATING INJURY,UNKNOWN,WITH TRAFFIC,IN ROADWAY,PEDALCYCLIST
2024-03-30T11:00:00.000,PEDESTRIAN,1101,N,WOLCOTT AVE,41.901477835,-87.674621548,30,NONE,NO INDICATION OF INJURY,NOT OBSCURED,WITH TRAFFIC,IN CROSSWALK,PEDESTRIAN
2024-03-28T12:00:00.000,PEDESTRIAN,2100,N,CALIFORNIA AVE,41.919642322,-87.697409539,30,NONE,NONINCAPACITATING INJURY,NOT OBSCURED,CROSSING - NO CONTROLS (AT INTERSECTION),IN CROSSWALK,PEDESTRIAN
2024-03-26T20:05:00.000,BICYCLE,1448,N,LEAVITT ST,41.9081903,-87.682432944,30,NONE,NONINCAPACITATING INJURY,NOT OBSCURED,WITH TRAFFIC,IN ROADWAY,PEDALCYCLIST
2024-03-26T10:05:00.000,PEDESTRIAN,2000,W,DIVISION ST,41.903298793,-87.677383247,25,,"REPORTED, NOT EVIDENT",,CROSSING - WITH SIGNAL,IN CROSSWALK,PEDESTRIAN
2024-03-22T15:16:00.000,PEDESTRIAN,2203,N,CALIFORNIA AVE,41.921788401,-87.697176397,30,,INCAPACITATING INJURY,,CROSSING - NO CONTROLS (AT INTERSECTION),IN CROSSWALK,PEDESTRIAN
2024-03-20T07:20:00.000,PEDESTRIAN,2625,W,FULLERTON AVE,41.924735061,-87.693622528,25,UNKNOWN,"REPORTED, NOT EVIDENT",UNKNOWN,CROSSING - CONTROLS PRESENT (NOT AT INTERSECTION),IN CROSSWALK,PEDESTRIAN
2024-03-17T11:50:00.000,BICYCLE,1431,N,MILWAUKEE AVE,41.907970608,-87.673476395,30,NONE,NONINCAPACITATING INJURY,NOT OBSCURED,WITH TRAFFIC,BIKEWAY,PEDALCYCLIST
2024-03-16T19:15:00.000,BICYCLE,1515,N,MILWAUKEE AVE,41.909126988,-87.675285202,25,NONE,NO INDICATION OF INJURY,NOT OBSCURED,WITH TRAFFIC,BIKE LANE,PEDALCYCLIST
2024-03-14T11:15:00.000,BICYCLE,1854,W,DIVISION ST,41.903341795,-87.674674211,30,NONE,INCAPACITATING INJURY,NOT OBSCURED,CROSSING - CONTROLS PRESENT (NOT AT INTERSECTION),IN CROSSWALK,PEDALCYCLIST
2024-03-12T17:30:00.000,PEDESTRIAN,1200,N,MILWAUKEE AVE,41.903307804,-87.666632088,30,FAILED TO YIELD,NO INDICATION OF INJURY,UNKNOWN,UNKNOWN/NA,IN ROADWAY,PEDESTRIAN
2024-03-11T17:13:00.000,BICYCLE,1328,W,DIVISION ST,41.903539875,-87.66171475,30,NONE,NONINCAPACITATING INJURY,NOT OBSCURED,CROSSING - WITH SIGNAL,IN CROSSWALK,PEDALCYCLIST
2024-03-10T18:30:00.000,BICYCLE,1181,N,MILWAUKEE AVE,41.903413502,-87.666345317,30,UNKNOWN,NONINCAPACITATING INJURY,UNKNOWN,UNKNOWN/NA,IN ROADWAY,PEDALCYCLIST
2024-03-07T12:20:00.000,BICYCLE,1521,N,MILWAUKEE AVE,41.909235959,-87.675455541,30,NONE,NONINCAPACITATING INJURY,NOT OBSCURED,WITH TRAFFIC,BIKE LANE,PEDALCYCLIST
2024-03-06T19:02:00.000,PEDESTRIAN,1912,N,WESTERN AVE,41.916185701,-87.687523688,35,NONE,INCAPACITATING INJURY,NOT OBSCURED,CROSSING - NO CONTROLS (NOT AT INTERSECTION),IN ROADWAY,PEDESTRIAN
2024-03-04T21:30:00.000,PEDESTRIAN,1184,N,MILWAUKEE AVE,41.903246607,-87.666536227,30,NONE,NONINCAPACITATING INJURY,NOT OBSCURED,CROSSING - WITH SIGNAL,IN CROSSWALK,PEDESTRIAN
2024-03-03T16:50:00.000,BICYCLE,2000,N,POINT ST,41.917534153,-87.694242249,30,DISREGARDED CONTROL DEVICES,NONINCAPACITATING INJURY,UNKNOWN,WITH TRAFFIC,IN ROADWAY,TURNING
2024-03-02T20:50:00.000,BICYCLE,1000,N,HERMITAGE AVE,41.899714227,-87.671209124,30,UNKNOWN,INCAPACITATING INJURY,UNKNOWN,CROSSING - NO CONTROLS (AT INTERSECTION),NOT IN ROADWAY,PEDALCYCLIST
2024-03-02T19:25:00.000,PEDESTRIAN,1332,W,DIVISION ST,41.903536788,-87.661859583,30,,NONINCAPACITATING INJURY,,CROSSING - WITH SIGNAL,IN CROSSWALK,PEDESTRIAN
2024-02-29T23:45:00.000,BICYCLE,1309,N,MILWAUKEE AVE,41.905540493,-87.669664066,30,UNKNOWN,NO INDICATION OF INJURY,UNKNOWN,OTHER ACTION,IN ROADWAY,PEDALCYCLIST
2024-02-24T12:30:00.000,BICYCLE,2400,N,MILWAUKEE AVE,41.924727462,-87.700552669,30,FAILED TO YIELD,NO INDICATION OF INJURY,NOT OBSCURED,CROSSING - AGAINST SIGNAL,IN CROSSWALK,PEDALCYCLIST
2024-02-23T19:10:00.000,PEDESTRIAN,2301,N,MILWAUKEE AVE,41.923009387,-87.69729638,35,NONE,NONINCAPACITATING INJURY,NOT OBSCURED,CROSSING - WITH SIGNAL,IN CROSSWALK,PEDESTRIAN
2024-02-18T13:51:00.000,PEDESTRIAN,2900,W,FULLERTON AVE,41.924894652,-87.699893727,30,,INCAPACITATING INJURY,UNKNOWN,UNKNOWN/NA,IN ROADWAY,PEDESTRIAN
2024-02-09T15:00:00.000,PEDESTRIAN,1562,N,MILWAUKEE AVE,41.909809081,-87.676803229,25,FAILED TO YIELD,NONINCAPACITATING INJURY,OTHER,CROSSING - CONTROLS PRESENT (NOT AT INTERSECTION),IN ROADWAY,PEDESTRIAN
2024-02-09T08:30:00.000,BICYCLE,1005,N,WOOD ST,41.899815191,-87.672140932,30,UNKNOWN,NO INDICATION OF INJURY,UNKNOWN,WITH TRAFFIC,IN ROADWAY,PEDALCYCLIST
2024-02-03T16:40:00.000,PEDESTRIAN,2399,W,HIRSCH ST,41.906557212,-87.687061139,30,NONE,NO INDICATION OF INJURY,NOT OBSCURED,CROSSING - WITH SIGNAL,IN CROSSWALK,PEDESTRIAN
2024-02-03T15:15:00.000,BICYCLE,1553,N,MILWAUKEE AVE,41.90981714,-87.676364016,30,NONE,"REPORTED, NOT EVIDENT",NOT OBSCURED,WITH TRAFFIC,BIKE LANE,PEDALCYCLIST
2024-02-01T18:10:00.000,PEDESTRIAN,2001,N,MILWAUKEE AVE,41.917666944,-87.688534183,5,NONE,NONINCAPACITATING INJURY,NOT OBSCURED,UNKNOWN/NA,NOT IN ROADWAY,PEDESTRIAN
2024-02-01T17:22:00.000,PEDESTRIAN,2246,N,MILWAUKEE AVE,41.921614362,-87.695481429,30,UNKNOWN,INCAPACITATING INJURY,UNKNOWN,CROSSING - NO CONTROLS (NOT AT INTERSECTION),IN CROSSWALK,PEDESTRIAN
2024-02-01T13:09:00.000,PEDESTRIAN,2400,W,FULLERTON AVE,41.925009935,-87.687704752,30,,"REPORTED, NOT EVIDENT",,CROSSING - WITH SIGNAL,IN CROSSWALK,PEDESTRIAN
2024-02-01T10:58:00.000,PEDESTRIAN,2433,N,SACRAMENTO AVE,41.925844901,-87.702195785,30,,"REPORTED, NOT EVIDENT",,CROSSING - WITH SIGNAL,IN CROSSWALK,PEDESTRIAN
2024-02-01T08:10:00.000,PEDESTRIAN,1458,W,AUGUSTA BLVD,41.899861185,-87.664686334,30,NONE,INCAPACITATING INJURY,MOVING VEHICLES,CROSSING - CONTROLS PRESENT (NOT AT INTERSECTION),IN CROSSWALK,PEDESTRIAN
2024-01-29T17:50:00.000,BICYCLE,1520,N,DAMEN AVE,41.9089214,-87.677567796,30,NONE,NO INDICATION OF INJURY,NOT OBSCURED,WITH TRAFFIC,BIKE LANE,PEDALCYCLIST
2024-01-26T08:30:00.000,BICYCLE,2414,W,LE MOYNE ST,41.908594976,-87.687789589,15,OTHER,"REPORTED, NOT EVIDENT",UNKNOWN,OTHER ACTION,IN ROADWAY,PEDALCYCLIST
2024-01-16T14:00:00.000,PEDESTRIAN,1333,N,LEAVITT ST,41.905885713,-87.682074775,25,NONE,NONINCAPACITATING INJURY,NOT OBSCURED,CROSSING - WITH SIGNAL,IN CROSSWALK,PEDESTRIAN
2024-01-13T16:51:00.000,PEDESTRIAN,1200,N,ASHLAND AVE,41.903377468,-87.667643142,35,NONE,NONINCAPACITATING INJURY,OTHER,UNKNOWN/NA,UNKNOWN/NA,PEDESTRIAN
2024-01-11T13:00:00.000,BICYCLE,1708,N,WESTERN AVE,41.912413393,-87.687421494,30,NONE,NONINCAPACITATING INJURY,NOT OBSCURED,TURNING LEFT,IN CROSSWALK,PEDALCYCLIST
2024-01-06T20:16:00.000,PEDESTRIAN,2430,W,WABANSIA AVE,41.91223274,-87.688545941,30,NONE,NONINCAPACITATING INJURY,UNKNOWN,CROSSING - NO CONTROLS (NOT AT INTERSECTION),IN CROSSWALK,PEDESTRIAN
2024-01-06T17:53:00.000,PEDESTRIAN,1282,N,HERMITAGE AVE,41.905788799,-87.671017543,15,,NONINCAPACITATING INJURY,,CROSSING - NO CONTROLS (AT INTERSECTION),IN ROADWAY,PEDESTRIAN
2023-12-30T16:44:00.000,BICYCLE,1835,W,NORTH AVE,41.910429626,-87.673941681,30,NONE,NONINCAPACITATING INJURY,NOT OBSCURED,WITH TRAFFIC,IN ROADWAY,PEDALCYCLIST
2023-12-25T22:55:00.000,PEDESTRIAN,2762,W,FULLERTON AVE,41.924917667,-87.697353621,30,NONE,NONINCAPACITATING INJURY,UNKNOWN,CROSSING - WITH SIGNAL,IN CROSSWALK,PEDESTRIAN
2023-12-22T20:15:00.000,PEDESTRIAN,2412,N,MILWAUKEE AVE,41.924953916,-87.700923461,30,UNKNOWN,NO INDICATION OF INJURY,UNKNOWN,CROSSING - WITH SIGNAL,IN CROSSWALK,PEDESTRIAN
2023-12-22T18:15:00.000,BICYCLE,2227,W,NORTH AVE,41.910267304,-87.683500743,30,NONE,NONINCAPACITATING INJURY,NOT OBSCURED,NO ACTION,BIKEWAY,PEDALCYCLIST
2023-12-22T16:14:00.000,PEDESTRIAN,2029,N,CALIFORNIA AVE,41.918369963,-87.69707811,25,NONE,NONINCAPACITATING INJURY,UNKNOWN,CROSSING - NO CONTROLS (NOT AT INTERSECTION),IN CROSSWALK,PEDESTRIAN
2023-12-21T17:43:00.000,PEDESTRIAN,1859,W,NORTH AVE,41.910415289,-87.674954105,30,NONE,NONINCAPACITATING INJURY,NOT OBSCURED,CROSSING - NO CONTROLS (NOT AT INTERSECTION),IN ROADWAY,PEDESTRIAN
2023-12-20T14:30:00.000,BICYCLE,1531,N,DAMEN AVE,41.909192059,-87.677282907,30,NONE,"REPORTED, NOT EVIDENT",NOT OBSCURED,WITH TRAFFIC,BIKE LANE,PEDALCYCLIST
2023-12-16T14:58:00.000,PEDESTRIAN,2002,W,DIVISION ST,41.903297507,-87.677459038,35,NONE,NONINCAPACITATING INJURY,NOT OBSCURED,CROSSING - WITH SIGNAL,IN CROSSWALK,PEDESTRIAN
2023-12-15T20:25:00.000,BICYCLE,1407,N,MILWAUKEE AVE,41.907534392,-87.672793213,30,DISREGARDED CONTROL DEVICES,NONINCAPACITATING INJURY,NOT OBSCURED,TURNING LEFT,IN ROADWAY,PEDALCYCLIST
2023-12-14T18:21:00.000,PEDESTRIAN,1199,N,WOLCOTT AVE,41.903209486,-87.674674058,30,NONE,"REPORTED, NOT EVIDENT",NOT OBSCURED,CROSSING - WITH SIGNAL,IN CROSSWALK,PEDESTRIAN
2023-12-12T17:00:00.000,PEDESTRIAN,3000,W,SCHUBERT AVE,41.930344169,-87.702534443,30,OTHER,NONINCAPACITATING INJURY,NOT OBSCURED,CROSSING - WITH SIGNAL,IN CROSSWALK,PEDESTRIAN
2023-12-09T00:41:00.000,PEDESTRIAN,2040,W,DIVISION ST,41.903270722,-87.678899336,30,NONE,"REPORTED, NOT EVIDENT",NOT OBSCURED,NO ACTION,SHOULDER,SIDESWIPE SAME DIRECTION
2023-12-05T05:55:00.000,PEDESTRIAN,1159,N,ASHLAND AVE,41.90330301,-87.66734702,25,NONE,"REPORTED, NOT EVIDENT",OTHER,CROSSING - WITH SIGNAL,IN ROADWAY,PEDESTRIAN
2023-12-01T21:05:00.000,PEDESTRIAN,2001,N,MILWAUKEE AVE,41.917666944,-87.688534183,30,UNKNOWN,NONINCAPACITATING INJURY,NOT OBSCURED,STANDING IN ROADWAY,IN ROADWAY,PEDESTRIAN
2023-11-30T10:00:00.000,BICYCLE,936,N,ASHLAND AVE,41.899005058,-87.667519889,30,NONE,NO INDICATION OF INJURY,NOT OBSCURED,CROSSING - WITH SIGNAL,BIKE LANE,PEDALCYCLIST
2023-11-30T07:39:00.000,PEDESTRIAN,2211,N,KEDZIE BLVD,41.921498592,-87.706967281,30,OTHER,NONINCAPACITATING INJURY,OTHER,CROSSING - CONTROLS PRESENT (NOT AT INTERSECTION),IN CROSSWALK,PEDESTRIAN
2023-11-29T18:03:00.000,BICYCLE,2151,N,CALIFORNIA AVE,41.921080227,-87.697157249,25,UNKNOWN,NONINCAPACITATING INJURY,UNKNOWN,WITH TRAFFIC,BIKE LANE,PEDALCYCLIST
2023-11-26T16:00:00.000,PEDESTRIAN,1227,N,MILWAUKEE AVE,41.904024731,-87.667299933,30,UNKNOWN,INCAPACITATING INJURY,UNKNOWN,CROSSING - CONTROLS PRESENT (NOT AT INTERSECTION),IN CROSSWALK,PEDESTRIAN
2023-11-21T17:15:00.000,BICYCLE,1244,W,GRAND AVE,41.891170693,-87.659052742,30,NONE,NO INDICATION OF INJURY,NOT OBSCURED,AGAINST TRAFFIC,IN ROADWAY,PEDALCYCLIST
2023-11-21T12:30:00.000,BICYCLE,955,N,WOOD ST,41.89945672,-87.672130065,30,OTHER,"REPORTED, NOT EVIDENT",NOT OBSCURED,WITH TRAFFIC,BIKE LANE,PEDALCYCLIST
2023-11-17T12:35:00.000,BICYCLE,1415,N,MILWAUKEE AVE,41.907679836,-87.673020755,25,FOLLOWED TOO CLOSELY,NO INDICATION OF INJURY,UNKNOWN,WITH TRAFFIC,IN ROADWAY,PEDALCYCLIST
2023-11-15T15:00:00.000,BICYCLE,2011,W,DIVISION ST,41.903072506,-87.677755184,30,NONE,INCAPACITATING INJURY,UNKNOWN,NO ACTION,BIKE LANE,PEDALCYCLIST
2023-11-10T16:35:00.000,BICYCLE,2000,N,MILWAUKEE AVE,41.917496608,-87.688719608,30,NONE,NONINCAPACITATING INJURY,NOT OBSCURED,TURNING LEFT,IN ROADWAY,PEDALCYCLIST
2023-11-07T20:00:00.000,BICYCLE,2400,N,MILWAUKEE AVE,41.924727462,-87.700552669,30,NONE,"REPORTED, NOT EVIDENT",NOT OBSCURED,NO ACTION,BIKE LANE,PEDALCYCLIST
2023-11-07T17:30:00.000,BICYCLE,2489,N,MILWAUKEE AVE,41.926635027,-87.703199253,30,OTHER,"REPORTED, NOT EVIDENT",NOT OBSCURED,WITH TRAFFIC,BIKE LANE,PEDALCYCLIST
2023-11-04T21:47:00.000,BICYCLE,1297,N,MILWAUKEE AVE,41.905325631,-87.669321997,30,UNKNOWN,NONINCAPACITATING INJURY,UNKNOWN,WITH TRAFFIC,BIKE LANE,PEDALCYCLIST
2023-11-03T23:08:00.000,PEDESTRIAN,1159,N,ASHLAND AVE,41.90330301,-87.66734702,30,NONE,NO INDICATION OF INJURY,UNKNOWN,CROSSING - WITH SIGNAL,IN CROSSWALK,PEDESTRIAN
2023-10-31T18:51:00.000,PEDESTRIAN,2410,N,MILWAUKEE AVE,41.92491617,-87.700861659,30,NONE,NONINCAPACITATING INJURY,UNKNOWN,CROSSING - WITH SIGNAL,IN CROSSWALK,PEDESTRIAN
2023-10-28T15:00:00.000,BICYCLE,2366,N,MILWAUKEE AVE,41.924143174,-87.699603176,30,,INCAPACITATING INJURY,,NO ACTION,BIKEWAY,PEDALCYCLIST
2023-10-27T19:33:00.000,BICYCLE,1616,N,WESTERN AVE,41.910859081,-87.68738218,30,NONE,"REPORTED, NOT EVIDENT",NOT OBSCURED,OTHER ACTION,BIKE LANE,PEDALCYCLIST
2023-10-24T15:30:00.000,PEDESTRIAN,800,N,ASHLAND AVE,41.896113867,-87.667439581,30,OTHER,NO INDICATION OF INJURY,UNKNOWN,UNKNOWN/NA,IN CROSSWALK,PEDESTRIAN
2023-10-23T17:21:00.000,PEDESTRIAN,2643,W,ARMITAGE AVE,41.917408703,-87.694005425,30,NONE,NONINCAPACITATING INJURY,NOT OBSCURED,CROSSING - WITH SIGNAL,IN CROSSWALK,PEDESTRIAN
2023-10-19T12:20:00.000,PEDESTRIAN,2295,N,MILWAUKEE AVE,41.922810239,-87.696981104,30,OTHER,NONINCAPACITATING INJURY,NOT OBSCURED,CROSSING - AGAINST SIGNAL,IN ROADWAY,PEDESTRIAN
2023-10-18T19:13:00.000,PEDESTRIAN,1514,N,MILWAUKEE AVE,41.908960247,-87.675476371,30,UNKNOWN,NONINCAPACITATING INJURY,NOT OBSCURED,CROSSING - NO CONTROLS (NOT AT INTERSECTION),BIKE LANE,PEDESTRIAN
2023-10-16T15:15:00.000,PEDESTRIAN,1230,N,MILWAUKEE AVE,41.904011656,-87.667729409,30,NONE,"REPORTED, NOT EVIDENT",,WITH TRAFFIC,IN CROSSWALK,PEDESTRIAN
2023-10-10T19:15:00.000,BICYCLE,2443,N,SACRAMENTO AVE,41.926056903,-87.702202361,30,DISREGARDED CONTROL DEVICES,NONINCAPACITATING INJURY,UNKNOWN,CROSSING - AGAINST SIGNAL,IN ROADWAY,PEDALCYCLIST
2023-10-10T17:03:00.000,BICYCLE,1001,N,MARSHFIELD AVE,41.899757407,-87.668457816,30,NONE,NONINCAPACITATING INJURY,NOT OBSCURED,TURNING RIGHT,BIKE LANE,PEDALCYCLIST
2023-10-09T14:46:00.000,PEDESTRIAN,1531,N,MILWAUKEE AVE,41.909417578,-87.675739438,30,,NONINCAPACITATING INJURY,UNKNOWN,CROSSING - NO CONTROLS (NOT AT INTERSECTION),IN ROADWAY,PEDESTRIAN
2023-10-07T17:45:00.000,BICYCLE,1559,N,MILWAUKEE AVE,41.909926112,-87.676534357,35,,NO INDICATION OF INJURY,,WITH TRAFFIC,BIKE LANE,PEDALCYCLIST
2023-10-06T13:40:00.000,PEDESTRIAN,800,N,MARSHFIELD AVE,41.896113838,-87.668663556,30,NONE,NONINCAPACITATING INJURY,NOT OBSCURED,CROSSING - NO CONTROLS (AT INTERSECTION),IN CROSSWALK,PEDESTRIAN
2023-10-04T14:00:00.000,PEDESTRIAN,2159,W,DIVISION ST,41.902998631,-87.682015137,10,NONE,NONINCAPACITATING INJURY,OTHER,CROSSING - WITH SIGNAL,IN CROSSWALK,PEDESTRIAN
2023-10-03T18:20:00.000,BICYCLE,2014,N,MILWAUKEE AVE,41.917946473,-87.689463907,15,UNKNOWN,NONINCAPACITATING INJURY,NOT OBSCURED,WITH TRAFFIC,BIKE LANE,PEDALCYCLIST
2023-10-03T13:20:00.000,PEDESTRIAN,2300,W,DIVISION ST,41.9031687,-87.684706042,30,NONE,NONINCAPACITATING INJURY,UNKNOWN,CROSSING - CONTROLS PRESENT (NOT AT INTERSECTION),IN CROSSWALK,PEDESTRIAN
2023-10-02T18:15:00.000,PEDESTRIAN,1530,N,DAMEN AVE,41.909187572,-87.677576738,30,OTHER,NO INDICATION OF INJURY,UNKNOWN,CROSSING - NO CONTROLS (AT INTERSECTION),IN CROSSWALK,PEDESTRIAN
2023-09-30T22:00:00.000,PEDESTRIAN,1999,W,DIVISION ST,41.903082422,-87.67719355,30,NONE,NONINCAPACITATING INJURY,OTHER,CROSSING - CONTROLS PRESENT (NOT AT INTERSECTION),IN ROADWAY,PEDESTRIAN
2023-09-26T08:43:00.000,BICYCLE,1400,W,AUGUSTA BLVD,41.899893848,-87.662628756,25,NONE,NONINCAPACITATING INJURY,NOT OBSCURED,CROSSING - WITH SIGNAL,BIKEWAY,PEDALCYCLIST
2023-09-25T07:50:00.000,BICYCLE,2555,N,MILWAUKEE AVE,41.927836684,-87.705159999,30,OTHER,NONINCAPACITATING INJURY,NOT OBSCURED,UNKNOWN/NA,IN ROADWAY,PEDALCYCLIST
2023-09-19T09:20:00.000,BICYCLE,629,N,WOOD ST,41.893219529,-87.671941421,20,NONE,NONINCAPACITATING INJURY,NOT OBSCURED,CROSSING - NO CONTROLS (AT INTERSECTION),IN ROADWAY,PEDALCYCLIST
2023-09-18T15:30:00.000,BICYCLE,1547,N,MILWAUKEE AVE,41.909708169,-87.676193676,30,OTHER,NONINCAPACITATING INJURY,UNKNOWN,NO ACTION,BIKE LANE,PEDALCYCLIST
2023-09-04T15:05:00.000,BICYCLE,2644,W,ARMITAGE AVE,41.917628353,-87.69411307,30,NONE,NONINCAPACITATING INJURY,NOT OBSCURED,WITH TRAFFIC,BIKE LANE,PEDALCYCLIST
2023-09-03T15:20:00.000,BICYCLE,2440,W,NORTH AVE,41.910410939,-87.688899155,30,NONE,"REPORTED, NOT EVIDENT",NOT OBSCURED,WITH TRAFFIC,BIKEWAY,PEDALCYCLIST
2023-08-31T07:30:00.000,BICYCLE,1599,N,MILWAUKEE AVE,41.910477592,-87.677373525,30,NONE,NO INDICATION OF INJURY,NOT OBSCURED,UNKNOWN/NA,IN ROADWAY,PEDALCYCLIST
2023-08-29T20:37:00.000,BICYCLE,1801,W,DIVISION ST,41.903156154,-87.672422319,30,WRONG WAY/SIDE,NO INDICATION OF INJURY,UNKNOWN,AGAINST TRAFFIC,BIKE LANE,PEDALCYCLIST
2023-08-26T14:40:00.000,BICYCLE,1279,N,MILWAUKEE AVE,41.905075123,-87.668930563,30,UNKNOWN,NONINCAPACITATING INJURY,UNKNOWN,UNKNOWN/NA,UNKNOWN/NA,PEDALCYCLIST
2023-08-25T22:00:00.000,PEDESTRIAN,2300,W,DIVISION ST,41.9031687,-87.684706042,30,UNKNOWN,"REPORTED, NOT EVIDENT",UNKNOWN,CROSSING - WITH SIGNAL,UNKNOWN/NA,PEDESTRIAN
2023-08-25T19:20:00.000,BICYCLE,1332,N,DAMEN AVE,41.905956346,-87.677486215,30,OTHER,"REPORTED, NOT EVIDENT",NOT OBSCURED,WITH TRAFFIC,BIKE LANE,PEDALCYCLIST
2023-08-24T17:45:00.000,BICYCLE,2719,N,CALIFORNIA AVE,41.930878417,-87.697439658,10,UNKNOWN,"REPORTED, NOT EVIDENT",NOT OBSCURED,CROSSING - NO CONTROLS (NOT AT INTERSECTION),IN CROSSWALK,PEDALCYCLIST
2023-08-23T08:10:00.000,BICYCLE,2800,W,ARMITAGE AVE,41.917598837,-87.697253745,30,FAILED TO YIELD,NONINCAPACITATING INJURY,UNKNOWN,CROSSING - WITH SIGNAL,IN ROADWAY,PEDALCYCLIST
2023-08-22T07:59:00.000,BICYCLE,2234,W,DIVISION ST,41.903192916,-87.683413383,30,FAILED TO YIELD,INCAPACITATING INJURY,NOT OBSCURED,NO ACTION,IN CROSSWALK,PEDALCYCLIST
2023-08-20T12:30:00.000,BICYCLE,1549,W,DIVISION ST,41.903242865,-87.667062048,30,UNKNOWN,NONINCAPACITATING INJURY,UNKNOWN,NO ACTION,BIKE LANE,PEDALCYCLIST
2023-08-20T12:30:00.000,BICYCLE,1549,W,DIVISION ST,41.903242865,-87.667062048,30,NONE,NO INDICATION OF INJURY,NOT OBSCURED,NO ACTION,BIKE LANE,PEDALCYCLIST
2023-08-18T11:48:00.000,PEDESTRIAN,3027,W,DIVERSEY AVE,41.931943127,-87.70368842,30,NONE,INCAPACITATING INJURY,NOT OBSCURED,CROSSING - NO CONTROLS (AT INTERSECTION),IN CROSSWALK,PEDESTRIAN
2023-08-16T18:05:00.000,BICYCLE,2439,W,ARMITAGE AVE,41.917452862,-87.688920608,30,NONE,NONINCAPACITATING INJURY,NOT OBSCURED,TURNING LEFT,IN ROADWAY,PEDALCYCLIST
2023-08-16T08:05:00.000,BICYCLE,2222,N,CALIFORNIA AVE,41.922382282,-87.69748965,25,NONE,NONINCAPACITATING INJURY,NOT OBSCURED,WITH TRAFFIC,BIKE LANE,PEDALCYCLIST
2023-08-13T12:30:00.000,PEDESTRIAN,2300,N,MILWAUKEE AVE,41.922842577,-87.697487482,30,,NONINCAPACITATING INJURY,,UNKNOWN/NA,UNKNOWN/NA,PEDESTRIAN
2023-08-08T21:40:00.000,BICYCLE,1944,N,MILWAUKEE AVE,41.916715309,-87.687473653,25,FOLLOWED TOO CLOSELY,NO INDICATION OF INJURY,UNKNOWN,WITH TRAFFIC,UNKNOWN/NA,PEDALCYCLIST
2023-08-05T22:24:00.000,BICYCLE,1227,N,MILWAUKEE AVE,41.904024731,-87.667299933,30,OTHER,NONINCAPACITATING INJURY,UNKNOWN,WITH TRAFFIC,BIKE LANE,PEDALCYCLIST
2023-08-05T02:40:00.000,BICYCLE,2918,W,PALMER ST,41.921765038,-87.700995882,30,UNKNOWN,NONINCAPACITATING INJURY,UNKNOWN,UNKNOWN/NA,IN ROADWAY,PEDALCYCLIST
2023-08-04T22:25:00.000,PEDESTRIAN,1601,W,DIVISION ST,41.903235815,-87.667554068,30,NONE,INCAPACITATING INJURY,UNKNOWN,CROSSING - WITH SIGNAL,IN CROSSWALK,PEDESTRIAN
2023-08-03T18:17:00.000,PEDESTRIAN,2413,W,ARMITAGE AVE,41.917454013,-87.688108443,30,NONE,"REPORTED, NOT EVIDENT",NOT OBSCURED,CROSSING - CONTROLS PRESENT (NOT AT INTERSECTION),IN CROSSWALK,PEDESTRIAN
2023-08-03T18:15:00.000,BICYCLE,1365,N,MILWAUKEE AVE,41.906732054,-87.671535976,30,NONE,NONINCAPACITATING INJURY,NOT OBSCURED,WITH TRAFFIC,BIKE LANE,PEDALCYCLIST
2023-08-02T23:16:00.000,BICYCLE,1600,N,MILWAUKEE AVE,41.910436799,-87.677761021,30,NONE,NONINCAPACITATING INJURY,NOT OBSCURED,WITH TRAFFIC,BIKEWAY,PEDALCYCLIST
2023-08-02T19:35:00.000,PEDESTRIAN,1599,W,AUGUSTA BLVD,41.899598746,-87.667361658,30,UNKNOWN,INCAPACITATING INJURY,UNKNOWN,UNKNOWN/NA,IN CROSSWALK,PEDESTRIAN
2023-08-02T19:35:00.000,PEDESTRIAN,1599,W,AUGUSTA BLVD,41.899598746,-87.667361658,30,UNKNOWN,INCAPACITATING INJURY,UNKNOWN,UNKNOWN/NA,IN CROSSWALK,PEDESTRIAN
2023-08-01T09:15:00.000,PEDESTRIAN,1400,N,MILWAUKEE AVE,41.907258596,-87.67281319,30,OTHER,NONINCAPACITATING INJURY,UNKNOWN,WITH TRAFFIC,BIKEWAY,PEDESTRIAN
2023-07-27T14:00:00.000,BICYCLE,2015,N,STAVE ST,41.917963207,-87.691729934,30,UNKNOWN,NO INDICATION OF INJURY,UNKNOWN,ENTER FROM DRIVE/ALLEY,UNKNOWN/NA,PEDALCYCLIST
2023-07-25T18:56:00.000,BICYCLE,2401,N,MILWAUKEE AVE,41.924897402,-87.700366572,30,OTHER,"REPORTED, NOT EVIDENT",NOT OBSCURED,WITH TRAFFIC,BIKE LANE,PEDALCYCLIST
2023-07-22T13:40:00.000,BICYCLE,2458,W,ARMITAGE AVE,41.917667209,-87.689471383,30,UNKNOWN,NONINCAPACITATING INJURY,NOT OBSCURED,TURNING LEFT,IN ROADWAY,PEDALCYCLIST
2023-07-22T00:20:00.000,BICYCLE,1232,W,GRAND AVE,41.891172733,-87.658947969,30,DISREGARDED CONTROL DEVICES,"REPORTED, NOT EVIDENT",UNKNOWN,WITH TRAFFIC,IN ROADWAY,PEDALCYCLIST
2023-07-21T16:49:00.000,PEDESTRIAN,1390,N,WOLCOTT AVE,41.907163472,-87.673028399,30,NONE,NONINCAPACITATING INJURY,NOT OBSCURED,CROSSING - WITH SIGNAL,IN CROSSWALK,PEDESTRIAN
2023-07-14T15:10:00.000,BICYCLE,1549,N,LEAVITT ST,41.910045125,-87.682189505,30,NONE,NO INDICATION OF INJURY,NOT OBSCURED,OTHER ACTION,IN ROADWAY,PEDALCYCLIST
2023-07-14T10:01:00.000,PEDESTRIAN,2330,N,WASHTENAW AVE,41.923826791,-87.69573282,30,,NONINCAPACITATING INJURY,,CROSSING - WITH SIGNAL,IN CROSSWALK,PEDESTRIAN
2023-07-12T17:21:00.000,BICYCLE,1357,N,MILWAUKEE AVE,41.906595842,-87.671323023,30,NONE,INCAPACITATING INJURY,NOT OBSCURED,WITH TRAFFIC,BIKEWAY,PEDALCYCLIST
2023-07-11T14:30:00.000,PEDESTRIAN,1816,W,DIVISION ST,41.90336466,-87.673082258,30,UNKNOWN,NONINCAPACITATING INJURY,UNKNOWN,CROSSING - NO CONTROLS (NOT AT INTERSECTION),IN CROSSWALK,PEDESTRIAN
2023-07-07T15:29:00.000,BICYCLE,1200,N,MILWAUKEE AVE,41.903307804,-87.666632088,30,NONE,NONINCAPACITATING INJURY,NOT OBSCURED,UNKNOWN/NA,BIKE LANE,PEDALCYCLIST
2023-07-06T12:55:00.000,BICYCLE,1601,W,WALTON ST,41.898461463,-87.667418457,30,OTHER,NONINCAPACITATING INJURY,UNKNOWN,OTHER ACTION,IN ROADWAY,PEDALCYCLIST
2023-07-06T08:45:00.000,BICYCLE,2150,N,CALIFORNIA AVE,41.921103325,-87.697451822,25,NONE,NO INDICATION OF INJURY,NOT OBSCURED,WITH TRAFFIC,BIKE LANE,PEDALCYCLIST
2023-07-04T18:20:00.000,BICYCLE,1977,N,MILWAUKEE AVE,41.917497037,-87.68825459,30,NONE,NONINCAPACITATING INJURY,UNKNOWN,WITH TRAFFIC,BIKE LANE,PEDALCYCLIST
2023-07-04T18:20:00.000,PEDESTRIAN,1977,N,MILWAUKEE AVE,41.917497037,-87.68825459,30,NONE,NONINCAPACITATING INJURY,UNKNOWN,NO ACTION,BIKE LANE,PEDALCYCLIST
2023-07-04T18:20:00.000,PEDESTRIAN,1977,N,MILWAUKEE AVE,41.917497037,-87.68825459,30,NONE,NONINCAPACITATING INJURY,UNKNOWN,NO ACTION,BIKE LANE,PEDALCYCLIST
2023-06-30T18:00:00.000,BICYCLE,1422,N,HONORE ST,41.908809998,-87.675642718,20,NONE,NO INDICATION OF INJURY,UNKNOWN,WITH TRAFFIC,BIKE LANE,PEDALCYCLIST
2023-06-30T15:52:00.000,BICYCLE,1525,N,MILWAUKEE AVE,41.909308606,-87.675569101,30,UNKNOWN,NO INDICATION OF INJURY,UNKNOWN,NO ACTION,BIKEWAY,PEDALCYCLIST
2023-06-29T15:44:00.000,BICYCLE,1408,N,MILWAUKEE AVE,41.90742473,-87.673073674,30,NONE,NONINCAPACITATING INJURY,UNKNOWN,OTHER ACTION,IN ROADWAY,PEDALCYCLIST
2023-06-24T23:04:00.000,BICYCLE,2333,N,MILWAUKEE AVE,41.923695255,-87.698408551,30,NONE,INCAPACITATING INJURY,NOT OBSCURED,UNKNOWN/NA,IN ROADWAY,PEDALCYCLIST
2023-06-23T10:20:00.000,BICYCLE,2100,N,MILWAUKEE AVE,41.919351155,-87.69177239,20,NONE,INCAPACITATING INJURY,NOT OBSCURED,TURNING LEFT,IN ROADWAY,PEDALCYCLIST
2023-06-21T14:44:00.000,BICYCLE,2399,N,MILWAUKEE AVE,41.924816741,-87.700234498,30,FAILED TO YIELD,NONINCAPACITATING INJURY,UNKNOWN,WITH TRAFFIC,BIKE LANE,PEDALCYCLIST
2023-06-15T12:30:00.000,BICYCLE,1913,N,ROCKWELL ST,41.916142389,-87.692117034,30,NONE,NONINCAPACITATING INJURY,NOT OBSCURED,WITH TRAFFIC,IN ROADWAY,PEDALCYCLIST
2023-06-14T22:03:00.000,BICYCLE,1551,N,MILWAUKEE AVE,41.909780817,-87.676307236,30,UNKNOWN,NONINCAPACITATING INJURY,UNKNOWN,WITH TRAFFIC,BIKE LANE,PEDALCYCLIST
2023-06-14T16:48:00.000,BICYCLE,1213,N,ASHLAND AVE,41.903834955,-87.66736116,30,FAILED TO YIELD,NONINCAPACITATING INJURY,,WITH TRAFFIC,IN ROADWAY,PEDALCYCLIST
2023-06-10T01:30:00.000,PEDESTRIAN,1583,N,MILWAUKEE AVE,41.91036556,-87.67720678,30,UNKNOWN,NONINCAPACITATING INJURY,UNKNOWN,OTHER ACTION,UNKNOWN/NA,PEDESTRIAN
2023-06-09T16:43:00.000,PEDESTRIAN,2600,N,CALIFORNIA AVE,41.928788244,-87.697672173,30,NONE,NONINCAPACITATING INJURY,NOT OBSCURED,AGAINST TRAFFIC,NOT IN ROADWAY,PEDESTRIAN
2023-06-08T13:00:00.000,PEDESTRIAN,2134,N,WESTERN AVE,41.920932147,-87.687666009,20,NONE,"REPORTED, NOT EVIDENT",UNKNOWN,NO ACTION,IN CROSSWALK,PEDESTRIAN
2023-06-01T18:40:00.000,BICYCLE,1519,N,MILWAUKEE AVE,41.909199636,-87.675398761,30,OTHER,NO INDICATION OF INJURY,UNKNOWN,WITH TRAFFIC,BIKE LANE,PEDALCYCLIST
2023-05-30T18:00:00.000,BICYCLE,1273,N,MILWAUKEE AVE,41.90498112,-87.668784748,30,NONE,NONINCAPACITATING INJURY,UNKNOWN,WITH TRAFFIC,BIKE LANE,PEDALCYCLIST
2023-05-26T16:05:00.000,BICYCLE,1547,N,MILWAUKEE AVE,41.909708169,-87.676193676,30,NONE,NONINCAPACITATING INJURY,NOT OBSCURED,WITH TRAFFIC,BIKEWAY,PEDALCYCLIST
2023-05-26T06:58:00.000,BICYCLE,1500,W,DIVISION ST,41.903481367,-87.665102686,30,OTHER,INCAPACITATING INJURY,NOT OBSCURED,CROSSING - NO CONTROLS (AT INTERSECTION),IN ROADWAY,PEDALCYCLIST
2023-05-25T16:30:00.000,PEDESTRIAN,2700,W,FULLERTON AVE,41.92494135,-87.69500315,30,OTHER,NONINCAPACITATING INJURY,NOT OBSCURED,CROSSING - NO CONTROLS (AT INTERSECTION),IN CROSSWALK,PEDESTRIAN
2023-05-25T16:00:00.000,BICYCLE,1702,W,DIVISION ST,41.903406574,-87.670516955,30,NONE,"REPORTED, NOT EVIDENT",NOT OBSCURED,TURNING LEFT,IN ROADWAY,PEDALCYCLIST
2023-05-20T21:30:00.000,BICYCLE,1422,N,MILWAUKEE AVE,41.907715415,-87.673528568,30,NONE,NONINCAPACITATING INJURY,NOT OBSCURED,UNKNOWN/NA,BIKE LANE,PEDALCYCLIST
2023-05-20T20:17:00.000,BICYCLE,1511,N,MILWAUKEE AVE,41.909037654,-87.675145922,30,UNKNOWN,NONINCAPACITATING INJURY,UNKNOWN,WITH TRAFFIC,IN ROADWAY,PEDALCYCLIST
2023-05-20T14:18:00.000,BICYCLE,2349,N,MILWAUKEE AVE,41.924001294,-87.69890951,30,NONE,INCAPACITATING INJURY,NOT OBSCURED,WITH TRAFFIC,BIKEWAY,PEDALCYCLIST
2023-05-16T17:01:00.000,BICYCLE,1400,N,MILWAUKEE AVE,41.907258596,-87.67281319,25,UNKNOWN,NO INDICATION OF INJURY,UNKNOWN,CROSSING - WITH SIGNAL,BIKE LANE,PEDALCYCLIST
2023-05-12T14:57:00.000,BICYCLE,1384,N,MILWAUKEE AVE,41.906885612,-87.672228124,30,NONE,NONINCAPACITATING INJURY,UNKNOWN,WITH TRAFFIC,BIKE LANE,PEDALCYCLIST
2023-05-07T11:10:00.000,BICYCLE,1474,N,MILWAUKEE AVE,41.908611226,-87.674932052,30,UNKNOWN,NONINCAPACITATING INJURY,UNKNOWN,WITH TRAFFIC,IN ROADWAY,PEDALCYCLIST
2023-05-05T21:50:00.000,PEDESTRIAN,1198,N,ASHLAND AVE,41.903298195,-87.667640814,30,NONE,"REPORTED, NOT EVIDENT",UNKNOWN,CROSSING - WITH SIGNAL,IN CROSSWALK,PEDESTRIAN
2023-05-04T15:45:00.000,BICYCLE,1033,N,WOOD ST,41.900610821,-87.672164843,30,NONE,NONINCAPACITATING INJURY,UNKNOWN,OTHER ACTION,IN ROADWAY,PEDALCYCLIST
2023-05-04T08:15:00.000,PEDESTRIAN,2731,W,PRINDIVILLE ST,41.920878977,-87.696126027,15,NONE,NO INDICATION OF INJURY,UNKNOWN,STANDING IN ROADWAY,IN ROADWAY,PEDESTRIAN
2023-04-30T19:23:00.000,PEDESTRIAN,2423,W,NORTH AVE,41.910198851,-87.688209819,30,FAILED TO YIELD,INCAPACITATING INJURY,NOT OBSCURED,CROSSING - NO CONTROLS (NOT AT INTERSECTION),IN ROADWAY,PEDESTRIAN
2023-04-28T11:30:00.000,BICYCLE,1484,N,MILWAUKEE AVE,41.908871127,-87.675337425,30,NONE,INCAPACITATING INJURY,NOT OBSCURED,WITH TRAFFIC,BIKEWAY,PEDALCYCLIST
2023-04-24T16:10:00.000,BICYCLE,1440,N,MILWAUKEE AVE,41.907980573,-87.673945167,30,NONE,NONINCAPACITATING INJURY,NOT OBSCURED,WITH TRAFFIC,BIKE LANE,PEDALCYCLIST
2023-04-23T13:22:00.000,PEDESTRIAN,2098,N,CALIFORNIA AVE,41.919581445,-87.697407828,30,OTHER,NONINCAPACITATING INJURY,NOT OBSCURED,CROSSING - NO CONTROLS (AT INTERSECTION),IN CROSSWALK,PEDESTRIAN
2023-04-23T13:22:00.000,PEDESTRIAN,2098,N,CALIFORNIA AVE,41.919581445,-87.697407828,30,,NONINCAPACITATING INJURY,NOT OBSCURED,CROSSING - NO CONTROLS (AT INTERSECTION),IN CROSSWALK,PEDESTRIAN
2023-04-21T16:23:00.000,PEDESTRIAN,758,N,ASHLAND AVE,41.896025497,-87.667437127,30,UNKNOWN,NONINCAPACITATING INJURY,UNKNOWN,PARKED VEHICLE,IN ROADWAY,PARKED MOTOR VEHICLE
2023-04-19T07:54:00.000,PEDESTRIAN,1200,N,ASHLAND AVE,41.903377468,-87.667643142,30,NONE,"REPORTED, NOT EVIDENT",,CROSSING - WITH SIGNAL,IN CROSSWALK,PEDESTRIAN
2023-04-18T07:32:00.000,PEDESTRIAN,2755,W,CORTLAND ST,41.915565152,-87.696926809,30,OTHER,NONINCAPACITATING INJURY,UNKNOWN,CROSSING - NO CONTROLS (AT INTERSECTION),IN CROSSWALK,PEDESTRIAN
2023-04-07T15:38:00.000,PEDESTRIAN,1398,N,ASHLAND AVE,41.906905992,-87.667734557,30,UNKNOWN,"REPORTED, NOT EVIDENT",NOT OBSCURED,CROSSING - WITH SIGNAL,IN CROSSWALK,PEDESTRIAN
2023-04-02T16:42:00.000,BICYCLE,2415,W,MEDILL AVE,41.923956873,-87.688256212,30,NONE,NONINCAPACITATING INJURY,NOT OBSCURED,TURNING LEFT,IN ROADWAY,PEDALCYCLIST
2023-04-02T16:20:00.000,PEDESTRIAN,2021,N,CAMPBELL AVE,41.918226682,-87.689037814,30,NONE,NONINCAPACITATING INJURY,NOT OBSCURED,CROSSING - NO CONTROLS (NOT AT INTERSECTION),IN CROSSWALK,PEDESTRIAN
2023-03-28T05:55:00.000,BICYCLE,2801,W,SHAKESPEARE AVE,41.920532968,-87.697359338,30,NONE,NO INDICATION OF INJURY,NOT OBSCURED,CROSSING - NO CONTROLS (AT INTERSECTION),BIKE LANE,PEDALCYCLIST
2023-03-21T16:20:00.000,BICYCLE,1399,N,WOOD ST,41.906389704,-87.67126834,30,FAILED TO YIELD,NO INDICATION OF INJURY,UNKNOWN,CROSSING - CONTROLS PRESENT (NOT AT INTERSECTION),BIKEWAY,PEDALCYCLIST
2023-03-12T19:34:00.000,BICYCLE,2246,N,MILWAUKEE AVE,41.921614362,-87.695481429,30,NONE,NO INDICATION OF INJURY,UNKNOWN,WITH TRAFFIC,BIKEWAY,PEDALCYCLIST
2023-03-10T12:05:00.000,PEDESTRIAN,2234,N,WESTERN AVE,41.922650691,-87.687719672,30,NONE,"REPORTED, NOT EVIDENT",OTHER,UNKNOWN/NA,IN CROSSWALK,PEDESTRIAN
2023-03-09T18:35:00.000,PEDESTRIAN,1600,W,DIVISION ST,41.903455316,-87.667558994,30,NONE,NO INDICATION OF INJURY,NOT OBSCURED,CROSSING - WITH SIGNAL,IN CROSSWALK,PEDESTRIAN
2023-02-27T17:15:00.000,BICYCLE,1520,N,DAMEN AVE,41.9089214,-87.677567796,30,FAILED TO YIELD,NO INDICATION OF INJURY,UNKNOWN,CROSSING - NO CONTROLS (AT INTERSECTION),IN ROADWAY,PEDALCYCLIST
2023-02-21T14:00:00.000,BICYCLE,1418,N,MILWAUKEE AVE,41.907632504,-87.673398735,30,NONE,NO INDICATION OF INJURY,NOT OBSCURED,WITH TRAFFIC,IN ROADWAY,PEDALCYCLIST
2023-02-19T11:25:00.000,PEDESTRIAN,1400,W,AUGUSTA BLVD,41.899893848,-87.662628756,25,NONE,NONINCAPACITATING INJURY,NOT OBSCURED,CROSSING - WITH SIGNAL,IN CROSSWALK,PEDESTRIAN
2023-02-19T11:25:00.000,BICYCLE,1400,W,AUGUSTA BLVD,41.899893848,-87.662628756,25,NONE,NONINCAPACITATING INJURY,OTHER,CROSSING - WITH SIGNAL,IN CROSSWALK,PEDESTRIAN
2023-02-16T17:30:00.000,PEDESTRIAN,2476,W,LOGAN BLVD,41.928614301,-87.690134634,30,NONE,NONINCAPACITATING INJURY,OTHER,CROSSING - NO CONTROLS (NOT AT INTERSECTION),IN ROADWAY,PEDESTRIAN
2023-02-14T23:35:00.000,PEDESTRIAN,2301,N,MILWAUKEE AVE,41.923009387,-87.69729638,30,UNKNOWN,NONINCAPACITATING INJURY,NOT OBSCURED,UNKNOWN/NA,UNKNOWN/NA,PEDESTRIAN
2023-02-14T17:10:00.000,BICYCLE,1558,W,BLACKHAWK ST,41.907106653,-87.667502425,30,UNKNOWN,NO INDICATION OF INJURY,NOT OBSCURED,WITH TRAFFIC,SHOULDER,PEDALCYCLIST
2023-02-10T14:07:00.000,PEDESTRIAN,2507,N,MILWAUKEE AVE,41.927009672,-87.703809871,25,UNKNOWN,NONINCAPACITATING INJURY,UNKNOWN,CROSSING - WITH SIGNAL,IN CROSSWALK,PEDESTRIAN
2023-02-07T15:43:00.000,BICYCLE,1628,W,AUGUSTA BLVD,41.899798305,-87.668544532,30,NONE,NONINCAPACITATING INJURY,NOT OBSCURED,OTHER ACTION,BIKE LANE,PEDALCYCLIST
2023-02-02T15:00:00.000,PEDESTRIAN,756,N,ASHLAND AVE,41.896025497,-87.667437127,30,NONE,NO INDICATION OF INJURY,NOT OBSCURED,CROSSING - WITH SIGNAL,IN CROSSWALK,PEDESTRIAN
2023-01-31T14:37:00.000,PEDESTRIAN,1514,W,CHICAGO AVE,41.896210312,-87.665539357,30,NONE,NONINCAPACITATING INJURY,UNKNOWN,CROSSING - NO CONTROLS (AT INTERSECTION),IN CROSSWALK,PEDESTRIAN
2023-01-26T17:23:00.000,BICYCLE,1303,N,MILWAUKEE AVE,41.905411209,-87.669458238,30,NONE,NONINCAPACITATING INJURY,NOT OBSCURED,WITH TRAFFIC,BIKE LANE,PEDALCYCLIST
2023-01-19T18:45:00.000,PEDESTRIAN,1732,W,AUGUSTA BLVD,41.899760883,-87.671001294,30,NONE,NONINCAPACITATING INJURY,NOT OBSCURED,CROSSING - NO CONTROLS (AT INTERSECTION),IN CROSSWALK,PEDESTRIAN
2023-01-14T15:10:00.000,PEDESTRIAN,1927,W,NORTH AVE,41.910397186,-87.676181096,30,FAILED TO YIELD,NONINCAPACITATING INJURY,UNKNOWN,CROSSING - NO CONTROLS (NOT AT INTERSECTION),IN ROADWAY,PEDESTRIAN
2023-01-13T14:50:00.000,PEDESTRIAN,2236,N,ROCKWELL ST,41.9228282,-87.692936375,20,NONE,NONINCAPACITATING INJURY,NOT OBSCURED,OTHER ACTION,IN ROADWAY,PEDESTRIAN
2023-01-10T08:16:00.000,BICYCLE,2352,N,MILWAUKEE AVE,41.923873095,-87.699162854,30,NONE,"REPORTED, NOT EVIDENT",NOT OBSCURED,WITH TRAFFIC,BIKE LANE,PEDALCYCLIST
